{
    "nm_per_pixel": 0.4434415393112476,
    "scale_bar_nm": 200.0,
    "scale_bar_pixels": 451.01773801038024
}